Title,Date
"Rebel Moon – Teil 2: Director's Cut","5/16/26"
"Rebel Moon – Teil 1: Director's Cut","5/16/26"
"Iron Man: Rise of Technovore","5/16/26"
"Shangri-La Frontier: 1st Staffel: Nächtlicher Angriff des schwarzen Wolfes","5/15/26"
"Shangri-La Frontier: 1st Staffel: Ein einzigartiges Wesen","5/15/26"
"Shangri-La Frontier: 1st Staffel: Wofür spielst du Videospiele?","5/15/26"
"Die wandernde Erde","5/15/26"
"The Rain: Staffel 1: Bleibt drinnen","5/15/26"
"The Core – Der innere Kern","5/8/26"
"Godzilla II: King of the Monsters","5/1/26"
"Mushoku Tensei: Jobless Reincarnation: Staffel 1: Folge 1","4/28/26"
"Godzilla x Kong: The New Empire","4/28/26"
"Transformers: Ära des Untergangs","4/14/26"
"Transformers One","4/12/26"
"SPY x FAMILY: Staffel 3: Nur keinen Tonitrus / ■■■■s Erinnerungen","4/8/26"
"SPY x FAMILY: Staffel 3: Panik in Berlint / Nightfall und der Informant","4/8/26"
"The Batman","4/7/26"
"ONE PIECE: Staffel 2: WHISKEY BUSINESS","4/5/26"
"ONE PIECE: Staffel 2: GOOD WHALE HUNTING","4/5/26"
"ONE PIECE: Staffel 2: DER ANFANG UND DAS ENDE","4/5/26"
"Final Fantasy – Die Mächte in dir","4/5/26"
"Nuklearer Notfall: Eine Katastrophe, wie Brasilien sie noch nie erlebt hat","3/24/26"
"Dark Winds – Der Wind des Bösen: Staffel 1: Regentanz","3/24/26"
"Dark Winds – Der Wind des Bösen: Staffel 1: Monsterjäger","3/24/26"
"Yu Yu Hakusho: Folge 5","3/11/26"
"Yu Yu Hakusho: Folge 4","3/11/26"
"Yu Yu Hakusho: Folge 3","3/11/26"
"Yu Yu Hakusho: Folge 2","3/11/26"
"Yu Yu Hakusho: Folge 1","3/11/26"
"House of Ninjas: Die Auferstehung","3/10/26"
"House of Ninjas: Die Blume","3/9/26"
"House of Ninjas: Die Spur","3/9/26"
"House of Ninjas: Das Angebot","3/9/26"
"Ragnarök: Staffel 1: Der Neue","3/9/26"
"Spider-Man: Homecoming","3/6/26"
"Resident Evil: Der Teufel, den du kennst","3/6/26"
"Resident Evil: Willkommen in Racoon City","3/6/26"
"Unsichtbare Stadt: Staffel 1: Du würdest mir nicht glauben","3/6/26"
"Unsichtbare Stadt: Staffel 1: Cuca kommt dich holen","3/6/26"
"Unsichtbare Stadt: Staffel 1: Sie sind in unserer Mitte","3/6/26"
"Unsichtbare Stadt: Staffel 1: Es gibt kein Zurück","3/6/26"
"Unsichtbare Stadt: Staffel 1: Wenn du nur hier sein könntest","3/6/26"
"Spectral","3/6/26"
"Avatar – Der Herr der Elemente: Krieger","2/28/26"
"Avatar – Der Herr der Elemente: Aang","2/28/26"
"Godzilla","2/28/26"
"Another Life: Staffel 1: Nervenzusammenbruch","2/28/26"
"Another Life: Staffel 1: Durchs Tal der Schatten","2/28/26"
"Fullmetal Alchemist The Final Alchemy","2/21/26"
"Enola Holmes 2","2/21/26"
"Enola Holmes","2/21/26"
"Mission: Impossible - Dead Reckoning","2/18/26"
"Stargate SG-1: Staffel 1: Das Tor zum Universum","2/18/26"
"Tomb Raider","2/14/26"
"Justice League","2/14/26"
"Crouching Tiger, Hidden Dragon: Sword of Destiny","2/14/26"
"Club der magischen Dinge: Ein magisches Missgeschick","2/14/26"
"Agatha Christie's Seven Dials: Geliebtes Bundle","2/14/26"
"Das Seeungeheuer","2/13/26"
"Another Life: Staffel 1: Durch die Galaxis","2/13/26"
"Asterix & Obelix: Der Kampf der Häuptlinge: Miniserie: Folge I","1/15/26"
"Jumanji: The Next Level","1/15/26"
"Genie, Make a Wish: Folge 1","1/15/26"
"Rurouni Kenshin: The Final","1/9/26"
"Golden Kamuy -The Hunt of Prisoners in Hokkaido-: Der legendäre Bärenjäger","1/9/26"
"Chroniken der Unterwelt – City of Bones","1/9/26"
"Rurouni Kenshin: The Beginning","1/9/26"
"Star Trek: Deep Space Nine: Staffel 3: Der Visionär","12/30/25"
"Wake Up Dead Man: A Knives Out Mystery","12/26/25"
"Stadt der Schatten: Miniserie: Park Güell","12/26/25"
"Stadt der Schatten: Miniserie: Krypta der Colònia Güell","12/26/25"
"Stadt der Schatten: Miniserie: Palau Güell","12/26/25"
"Stadt der Schatten: Miniserie: Casa Milà – La Pedrera","12/26/25"
"The Great Flood","12/26/25"
"Star Trek: Deep Space Nine: Staffel 3: Das Motiv der Propheten","12/24/25"
"Star Trek: Deep Space Nine: Staffel 3: Trekors Prophezeiung","12/23/25"
"Star Trek: Deep Space Nine: Staffel 3: Herz aus Stein","12/22/25"
"Away: Ein bisschen Glauben","12/14/25"
"Last Samurai Standing: Tödliches Duell","12/7/25"
"Last Samurai Standing: Geister","12/7/25"
"Last Samurai Standing: Strippenzieher","12/7/25"
"Last Samurai Standing: Schicksal","12/7/25"
"Last Samurai Standing: Erwachen","12/7/25"
"Last Samurai Standing: Kodoku","12/7/25"
"Away: Weltraumhunde","12/7/25"
"Away: Vortreffliche Luftwagen","12/7/25"
"Away: Die Hälfte des Himmels","12/7/25"
"Away: Umkehr nicht mehr möglich","12/7/25"
"Away: Los","12/6/25"
"Troll 2","12/4/25"
"Star Trek: Deep Space Nine: Staffel 3: Der Funke des Lebens","12/2/25"
"Tomb Raider: The Legend of Lara Croft: Staffel 1: Der erste Schritt","12/2/25"
"In Your Dreams – Im Traum ist alles möglich","11/22/25"
"Battleship","11/19/25"
"Aquaman","11/12/25"
"Star Trek: Deep Space Nine: Staffel 3: Das Festival","11/10/25"
"Star Trek: Deep Space Nine: Staffel 3: Gefangen in der Vergangenheit: Teil 2","11/10/25"
"Star Trek: Deep Space Nine: Staffel 3: Gefangen in der Vergangenheit: Teil 1","11/10/25"
"Eternauta: Eine Nacht der Tricks","11/6/25"
"Eternauta: In die Sonne","11/6/25"
"Yakamoz S-245: Folge 2","10/28/25"
"Yakamoz S-245: Folge 1","10/28/25"
"The Silent Sea: Der Schlüssel zur Erlösung","10/22/25"
"The Silent Sea: Geheimes Lager","10/22/25"
"The Silent Sea: Die Wahrheit kommt ans Licht","10/22/25"
"The Silent Sea: Die Todesursache","10/22/25"
"The School for Good and Evil","10/21/25"
"Dark: Staffel 1: Lügen","10/20/25"
"Dark: Staffel 1: Geheimnisse","10/20/25"
"Néro: Der Killer","10/20/25"
"The Midnight Sky","10/20/25"
"Gun City","10/18/25"
"Downton Abbey: Staffel 1: Folge 2","10/18/25"
"Downton Abbey: Staffel 1: Folge 1","10/18/25"
"The Old Guard 2","10/11/25"
"Die fantastische Reise des Dr. Dolittle","10/11/25"
"Harry Potter und der Halbblutprinz","10/6/25"
"Harry Potter und der Orden des Phönix","10/4/25"
"Phantastische Tierwesen und wo sie zu finden sind","10/4/25"
"Indiana Jones und der letzte Kreuzzug","10/2/25"
"Indiana Jones und das Königreich des Kristallschädels","10/2/25"
"Das Schloss im Himmel","9/27/25"
"Die Tagebücher der Apothekerin: Maomao","9/27/25"
"Star Trek: Deep Space Nine: Staffel 3: Defiant","9/19/25"
"Star Trek: Deep Space Nine: Staffel 3: Meridian","9/8/25"
"Kikis kleiner Lieferservice","9/7/25"
"Der denkwürdige Fall des Mr Poe","9/7/25"
"Der Sternwanderer","9/1/25"
"Star Trek: Deep Space Nine: Staffel 3: In der Falle","9/1/25"
"Sherlock: Staffel 2: Der Reichenbachfall","8/27/25"
"Star Trek: Deep Space Nine: Staffel 3: Der Ausgesetzte","8/21/25"
"Star Trek: Deep Space Nine: Staffel 3: Die zweite Haut","8/20/25"
"Star Trek: Deep Space Nine: Staffel 3: Das Equilibrium","8/9/25"
"SPY x FAMILY: Staffel 2: Ein Teil der Familie","8/8/25"
"UNTAMED: Alle Spuren enden hier","8/8/25"
"UNTAMED: Goldrausch","8/8/25"
"UNTAMED: El-o’-win","8/8/25"
"UNTAMED: Jane Doe","8/8/25"
"UNTAMED: Ein himmlisches Ereignis","8/8/25"
"Star Trek: Deep Space Nine: Staffel 3: Das Haus des Quark","8/8/25"
"Star Trek: Deep Space Nine: Staffel 3: Die Suche: Teil 2","8/7/25"
"SPY x FAMILY: Staffel 2: Verliebt in Berlint / Nightfalls Alltag","8/5/25"
"SPY x FAMILY: Staffel 2: Spaß auf der Urlaubsinsel / Die Prahlerei danach","8/5/25"
"SPY x FAMILY: Staffel 2: Die Hand gen Zukunft","8/5/25"
"SPY x FAMILY: Staffel 2: Sinfonie an Bord / Der Kräutertee meiner Schwester","8/5/25"
"SPY x FAMILY: Staffel 2: Wem dient diese Mission?","8/5/25"
"Star Trek: Deep Space Nine: Staffel 3: Die Suche: Teil 1","8/5/25"
"SPY x FAMILY: Staffel 2: Panik auf dem Luxuskreuzer","7/17/25"
"Der Mohnblumenberg","7/17/25"
"SPY x FAMILY: Staffel 2: Operation Grenzüberschreitung","7/16/25"
"SPY x FAMILY: Staffel 2: Süße Weisheit / Der große Liebesplan des Informanten II","7/16/25"
"Ghosts: Staffel 1: Pilotfolge","7/16/25"
"1883: 1883","7/14/25"
"SPY x FAMILY: Staffel 2: Pflicht und Familie / Der große Bondman / Kinderherz / Erwachen","7/10/25"
"SPY x FAMILY: Staffel 2: Bonds Überlebensstrategie / Damians Exkursion","7/10/25"
"Star Trek: Deep Space Nine: Staffel 2: Der Plan des Dominion","6/27/25"
"Zack Snyder's Justice League","6/26/25"
"Dandadan: Staffel 1: So beginnt Liebe, weißt du!","6/26/25"
"SPY x FAMILY: Staffel 2: Beschatten wir Papa und Mama","6/24/25"
"SPY x FAMILY: Staffel 1: Der erste Kontakt","6/24/25"
"SPY x FAMILY: Staffel 1: Mutter und Ehefrau / Shopping mit Freunden","6/17/25"
"SPY x FAMILY: Staffel 1: Unerschütterlich vorwärts","6/17/25"
"SPY x FAMILY: Staffel 1: Das Untergrund-Tennisturnier Campbelldon","6/17/25"
"SPY x FAMILY: Staffel 1: Nightfall / Das erste Eifersuchtserlebnis","6/14/25"
"SPY x FAMILY: Staffel 1: Die Untersuchung des allgemeinen Krankenhauses / Die Entschlüsselung des Geheimcodes","6/14/25"
"SPY x FAMILY: Staffel 1: Rache an den Desmonds / Mama wird zum Wind","6/14/25"
"SPY x FAMILY: Staffel 1: Der Hauslehrer-Onkel / Daybreak","6/14/25"
"SPY x FAMILY: Staffel 1: Mission Greifer / Full Metal Lady / Reisomelette","6/14/25"
"SPY x FAMILY: Staffel 1: Yors Küche / Der große Liebesplan des Informanten","6/14/25"
"SPY x FAMILY: Staffel 1: Ein neues Familienmitglied","6/9/25"
"SPY x FAMILY: Staffel 1: Entschärft die Zeitbombe","6/9/25"
"SPY x FAMILY: Staffel 1: Project Apple","6/9/25"
"SPY x FAMILY: Staffel 1: Penguin Park","6/9/25"
"SPY x FAMILY: Staffel 1: Stella","6/9/25"
"SPY x FAMILY: Staffel 1: Der große Völkerball-Plan","6/9/25"
"SPY x FAMILY: Staffel 1: Die Turteltäubchen-Tarnung","6/9/25"
"SPY x FAMILY: Staffel 1: Der Anti-Geheimpolizei-Verhüllungsplan","6/7/25"
"SPY x FAMILY: Staffel 1: Der Sohn der Zielperson","6/7/25"
"SPY x FAMILY: Staffel 1: Der Gute-Freunde-Plan","6/7/25"
"SPY x FAMILY: Staffel 1: Bestanden oder durchgefallen?","6/7/25"
"SPY x FAMILY: Staffel 1: Elterngespräch an der Eliteschule","6/7/25"
"SPY x FAMILY: Staffel 1: Der große Prüfungsplan","6/7/25"
"SPY x FAMILY: Staffel 1: Eine Frau muss her","6/7/25"
"SPY x FAMILY: Staffel 1: Operation Strix","6/7/25"
"Star Trek: Deep Space Nine: Staffel 2: Das Tribunal","6/6/25"
"Venom: The Last Dance","6/3/25"
"Bumblebee","5/28/25"
"Paranormal: Der Mythos des Hauses","5/22/25"
"Star Trek: Deep Space Nine: Staffel 2: Die Wahl des Kai","5/12/25"
"The Electric State","5/10/25"
"Star Trek: Deep Space Nine: Staffel 2: Die andere Seite","5/7/25"
"Eternauta: Kalter Tomatensaft","5/4/25"
"Eternauta: Horizont","5/4/25"
"Eternauta: Das Credo","5/4/25"
"Eternauta: Magnetismus","5/4/25"
"Sherlock: Staffel 2: Die Hunde von Baskerville","5/3/25"
"Star Trek: Deep Space Nine: Staffel 2: Das Implantat","5/2/25"
"Star Trek: Deep Space Nine: Staffel 2: Der Maquis: Teil 2","4/30/25"
"Star Trek: Deep Space Nine: Staffel 2: Der Maquis: Teil 1","4/28/25"
"Chihiros Reise ins Zauberland","4/25/25"
"Star Trek: Deep Space Nine: Staffel 2: Der Blutschwur","4/23/25"
"Star Trek: Deep Space Nine: Staffel 2: Profit und Verlust","4/18/25"
"Star Trek: Deep Space Nine: Staffel 2: Der Trill-Kandidat","4/15/25"
"Star Trek: Deep Space Nine: Staffel 2: Metamorphosen","4/15/25"
"Star Trek: Deep Space Nine: Staffel 2: Rivalen","4/15/25"
"Star Trek: Deep Space Nine: Staffel 2: Die Illusion","4/11/25"
"Star Trek: Deep Space Nine: Staffel 2: Das Paradiesexperiment","4/9/25"
"Star Trek: Deep Space Nine: Staffel 2: O'Briens Identität","4/4/25"
"Star Trek: Deep Space Nine: Staffel 2: Das Harvester-Desaster","4/1/25"
"Brooklyn Nine-Nine: Staffel 1: Das schlimmste Date aller Zeiten","2/21/25"
"Brooklyn Nine-Nine: Staffel 1: Angst ist das beste Aphrodisiakum","2/21/25"
"Brooklyn Nine-Nine: Staffel 1: Mein Safe House, meine Regeln","2/21/25"
"Brooklyn Nine-Nine: Staffel 1: Desaster garantiert","2/21/25"
"Sherlock: Staffel 2: Ein Skandal in Belgravia","2/21/25"
"Star Trek: Deep Space Nine: Staffel 2: Auge des Universums","2/20/25"
"Sherlock: Das große Spiel","2/19/25"
"Sherlock: Der blinde Banker","2/19/25"
"Star Trek: Deep Space Nine: Staffel 2: Rätselhafte Fenna","2/13/25"
"Star Trek: Deep Space Nine: Staffel 2: Die Ermittlung","2/12/25"
"Stranger Things: Kapitel drei: Grausame Nacht","2/2/25"
"Stranger Things: Kapitel zwei: Die Verrückte auf der Maple Street","2/2/25"
"Stranger Things: Kapitel eins: Das Verschwinden des Will Byers","2/2/25"
"Phantastische Tierwesen: Grindelwalds Verbrechen","1/26/25"
"Dungeons & Dragons: Ehre unter Dieben","1/25/25"
"The Witcher: Staffel 1: Des Endes Anfang","1/25/25"
"Star Trek: Deep Space Nine: Staffel 2: Profit oder Partner!","1/24/25"
"Star Trek: Deep Space Nine: Staffel 2: Das „Melora“-Problem","1/23/25"
"Star Trek: Deep Space Nine: Staffel 2: Die Konspiration","1/16/25"
"Star Trek: Deep Space Nine: Staffel 2: Der Symbiont","1/14/25"
"Jumanji: Willkommen im Dschungel","1/10/25"
"Star Trek: Deep Space Nine: Staffel 2: Die Belagerung (3)","1/10/25"
"Star Trek: Deep Space Nine: Staffel 2: Der Kreis (2)","1/7/25"
"Star Trek: Deep Space Nine: Staffel 2: Die Heimkehr (1)","1/7/25"
"Star Trek: Deep Space Nine: Blasphemie","12/30/24"
"Star Trek: Deep Space Nine: Der undurchschaubare Marritza","12/27/24"
"Star Trek: Deep Space Nine: Meuterei","12/25/24"
"Christmas Gameday: Chiefs vs. Steelers","12/25/24"
"Star Trek: Deep Space Nine: Persönlichkeiten","12/24/24"
"Star Trek: Deep Space Nine: Macht der Phantasie","12/19/24"
"Star Trek: Deep Space Nine: Mulliboks Mond","12/17/24"
"Transformers 5: The Last Knight","12/14/24"
"Transformers: Aufstieg der Bestien","12/10/24"
"Star Trek Into Darkness","12/5/24"
"Transformers – Die Rache","12/5/24"
"Ketzer – Tödliches Wissen über die Bewegung der Erde: Orb: On the Movements of the Earth: Heliozentrismus. Wie wäre es damit?","12/5/24"
"Underwatermelon: Fruit Merge: Trailer: Underwatermelon: Fruit Merge","11/29/24"
"Star Trek: Deep Space Nine: Die Legende von Dal'Rok","11/29/24"
"Brooklyn Nine-Nine: Staffel 1: König Torfnase von Torfnasien","11/28/24"
"Brooklyn Nine-Nine: Staffel 1: Das waren noch echte Kerle","11/28/24"
"Brooklyn Nine-Nine: Staffel 1: Total zum Teil meine Schuld","11/28/24"
"Brooklyn Nine-Nine: Staffel 1: Halloween ist Weihnachten für Arschgeigen","11/28/24"
"Brooklyn Nine-Nine: Staffel 1: Wir nennen ihn den Geier","11/28/24"
"Brooklyn Nine-Nine: Staffel 1: Der mieseste Assistent der Welt","11/28/24"
"Brooklyn Nine-Nine: Staffel 1: Ich habe Etknupfeit","11/28/24"
"Brooklyn Nine-Nine: Staffel 1: In jedweder Hinsicht optimal","11/28/24"
"Brooklyn Nine-Nine: Staffel 1: Wir fangen Verbrecher und sehen gut dabei aus","11/28/24"
"Arcane: Staffel 1: Willkommen in den Gassen","11/28/24"
"Star Trek: Deep Space Nine: Die Prophezeiung","11/22/24"
"Star Trek: Deep Space Nine: Der Steinwandler","11/21/24"
"Star Trek: Deep Space Nine: Die Nachfolge","11/20/24"
"Star Trek: Deep Space Nine: Chula - das Spiel","11/15/24"
"Star Trek: Deep Space Nine: Der Parasit","11/8/24"
"Die Werwölfe von Düsterwald","11/6/24"
"Shadow and Bone – Legenden der Grisha: Staffel 1: Zeig mir, wer du bist","11/1/24"
"Star Trek: Deep Space Nine: Der Fall „Dax“","10/30/24"
"Star Trek: Deep Space Nine: „Q“-unerwünscht","10/15/24"
"Shadow and Bone – Legenden der Grisha: Staffel 1: Otkazat’sya","10/12/24"
"Star Trek: Deep Space Nine: Tosk, der Gejagte","10/12/24"
"Shadow and Bone – Legenden der Grisha: Staffel 1: Der Ursprung der Welt","10/11/24"
"Shadow and Bone – Legenden der Grisha: Staffel 1: Wir alle sind jemandes Monster","10/11/24"
"Shadow and Bone – Legenden der Grisha: Staffel 1: Das blendend helle Licht","10/11/24"
"Star Trek: Deep Space Nine: Babel","10/8/24"
"Ghostbusters: Frozen Empire","10/7/24"
"1899: Der Junge","10/7/24"
"Star Trek: Deep Space Nine: Die Khon-Ma","10/7/24"
"1899: Das Schiff","10/7/24"
"The Umbrella Academy: Staffel 4: Das Ende vom Anfang","10/2/24"
"The Umbrella Academy: Staffel 4: Sechs Jahre, fünf Monate und zwei Tage","10/2/24"
"The Umbrella Academy: Staffel 4: Die Säuberung","10/2/24"
"The Umbrella Academy: Staffel 4: Der Tintenfisch und das Mädchen","10/1/24"
"The Silent Sea: Drei Lager","9/30/24"
"The Silent Sea: Die Forschungsstation auf dem Mond","9/30/24"
"Saint Seiya: Die Krieger des Zodiac – Der Film","9/30/24"
"The Umbrella Academy: Staffel 4: Jean und Gene","9/29/24"
"The Umbrella Academy: Staffel 4: Die unsägliche Tragödie, wenn man bekommt, was man will","9/29/24"
"GAMERA  -Rebirth-: Über Tokio","9/28/24"
"Alchemy of Souls: Teil 1: Folge 1","9/28/24"
"Apollo 13: Überleben","9/27/24"
"Star Trek: Deep Space Nine: Unter Verdacht","9/27/24"
"The Umbrella Academy: Staffel 3: Oblivion","9/26/24"
"The Umbrella Academy: Staffel 3: Sieben Glocken","9/26/24"
"The Umbrella Academy: Staffel 3: Hochzeit zum Weltuntergang","9/25/24"
"The Umbrella Academy: Staffel 3: Auf Wiedersehen","9/25/24"
"The Umbrella Academy: Staffel 3: Marigold","9/23/24"
"The Umbrella Academy: Staffel 3: Ein ethisches Dilemma","9/22/24"
"The Umbrella Academy: Staffel 3: Kugelblitz","9/21/24"
"Star Trek: Deep Space Nine: Der Abgesandte: Teil 1 und 2","9/20/24"
"The Umbrella Academy: Staffel 3: Der verlorene Sohn","9/18/24"
"The Umbrella Academy: Staffel 3: Das größte Garnknäuel der Welt","9/18/24"
"The Umbrella Academy: Staffel 3: Das ist die Familie","9/16/24"
"Geostorm","9/11/24"
"Rebel Moon – Teil 2: Die Narbenmacherin","8/31/24"
"Rebel Moon – Teil 1: Kind des Feuers","8/30/24"
"GODZILLA Singular Point: Ein schneller Angreifer","8/18/24"
"GODZILLA Singular Point: Eine ungewisse Reise","8/18/24"
"GODZILLA Singular Point: Ein wilder Schwarm","8/18/24"
"GODZILLA Singular Point: Ein monströser Sommer","8/18/24"
"GODZILLA Singular Point: Ein langer Weg","8/18/24"
"Die Chroniken von Erdsee","8/8/24"
"Der Prinz der Drachen: Staffel 3: Helden und Genies","8/4/24"
"Der Prinz der Drachen: Staffel 3: Die Mitternachtswüste","8/4/24"
"Der Prinz der Drachen: Staffel 3: Geist","8/4/24"
"Der Prinz der Drachen: Staffel 3: Die Krone","8/4/24"
"Der Prinz der Drachen: Staffel 3: Sol Regem","8/4/24"
"Der Prinz der Drachen: Staffel 2: Atmen","8/4/24"
"Der Prinz der Drachen: Staffel 2: Das Buch des Schicksals","8/4/24"
"Raumschiff Enterprise – Das nächste Jahrhundert: Mission Farpoint: Teil 1 und 2","8/3/24"
"Der Prinz der Drachen: Staffel 2: Feuer und Wut","8/1/24"
"Der Prinz der Drachen: Staffel 2: Das Herz des Titanen","8/1/24"
"Der Prinz der Drachen: Staffel 2: Gebrochenes Siegel","8/1/24"
"Der Prinz der Drachen: Staffel 2: Schiffsreise","7/30/24"
"Der Prinz der Drachen: Staffel 2: Ablenkungsmanöver","7/30/24"
"Der Prinz der Drachen: Staffel 2: Die Lügen und der Halbmond","7/29/24"
"Der Prinz der Drachen: Staffel 2: Ein Geheimnis und ein Funken","7/29/24"
"Der Prinz der Drachen: Staffel 1: Wundersturm","7/29/24"
"Der Prinz der Drachen: Staffel 1: Verfluchte Caldera","7/29/24"
"3 Body Problem: Staffel 1: Unser Herr","7/29/24"
"3 Body Problem: Staffel 1: Der Weltenzerstörer","7/29/24"
"Sweet Home: Staffel 1: Folge 1","7/29/24"
"Castlevania: Nocturne: Staffel 1: Ein gemeinsamer Feind im Bösen","7/28/24"
"Der Prinz der Drachen: Staffel 1: Der Dolch und der Wolf","7/26/24"
"Der Prinz der Drachen: Staffel 1: Durch das Eis","7/26/24"
"Der Prinz der Drachen: Staffel 1: Ein leerer Thron","7/26/24"
"Der Prinz der Drachen: Staffel 1: Blutdürstig","7/26/24"
"Der Prinz der Drachen: Staffel 1: Mondaufgang","7/26/24"
"Der Prinz der Drachen: Staffel 1: Was getan ist …","7/26/24"
"Der Prinz der Drachen: Staffel 1: Nachhall des Donners","7/26/24"
"3 Body Problem: Staffel 1: Rotes Ufer","7/25/24"
"3 Body Problem: Staffel 1: Countdown","7/25/24"
"Das Signal: Limited Series: Paula","7/23/24"
"Neon Genesis Evangelion: Angriff der Engel","7/22/24"
"Das Signal: Limited Series: Verschwunden","7/22/24"
"Sherlock Holmes: Spiel im Schatten","7/21/24"
"ONE PIECE: Staffel 1: Wanted!","7/21/24"
"ONE PIECE: Staffel 1: Das Mädchen mit dem Sägefisch-Tattoo","7/21/24"
"ONE PIECE: Staffel 1: Der Koch und der Matrose","7/21/24"
"ONE PIECE: Staffel 1: Willkommen im Baratie!","7/21/24"
"ONE PIECE: Staffel 1: Die Piraten kommen","7/21/24"
"ONE PIECE: Staffel 1: Lügen, nichts als Lügen","7/21/24"
"ONE PIECE: Staffel 1: Der Mann mit dem Strohhut","7/21/24"
"ONE PIECE: Staffel 1: Das Abenteuer beginnt","7/21/24"
"Constantine","7/7/24"
"The Da Vinci Code - Sakrileg","7/7/24"
"The Rising of the Shield Hero: Staffel 1: Der Held des Schilds","7/6/24"
"Suzume","7/2/24"
"Illuminati","7/2/24"
"Phantastische Tierwesen: Dumbledores Geheimnisse","7/2/24"
"GODZILLA The Planet Eater","6/28/24"
"GODZILLA Planet of the Monsters: Planet of the Monsters","6/28/24"
"Delicious in Dungeon: Folge 24: Teigtaschen -2-/Ei mit Speck","6/28/24"
"Pacific Rim","6/28/24"
"My Oni Girl","6/28/24"
"Blue Eye Samurai: Absonderlichkeiten","6/9/24"
"Blue Eye Samurai: Nur zwei Wege","6/8/24"
"Blue Eye Samurai: Ein unerwartetes Element","6/8/24"
"Blue Eye Samurai: Unrein","6/8/24"
"Delicious in Dungeon: Folge 23: Greifensuppe/Teigtaschen -1-","6/8/24"
"Delicious in Dungeon: Folge 22: Greif/Vertraute","6/8/24"
"Delicious in Dungeon: Folge 21: Ei/Das goldene Land","6/8/24"
"Godzilla Minus One","6/8/24"
"Sherlock: Ein Fall von Pink","5/31/24"
"Gyeongseong Creature: Staffel 1: Mutter","5/30/24"
"Gyeongseong Creature: Staffel 1: Najin","5/30/24"
"Delicious in Dungeon: Folge 20: Eis-Golem/Barometz","5/30/24"
"Delicious in Dungeon: Folge 19: Hexe/Albtraum","5/30/24"
"Troll","5/30/24"
"Arrietty – Die wundersame Welt der Borger","5/28/24"
"Mein Nachbar Totoro","5/28/24"
"Disenchantment: Teil 5: Kopflos","5/18/24"
"The 8 Show: Miniserie: Folge 1","5/18/24"
"Godzilla","5/12/24"
"Castlevania: Staffel 1: Hexenflasche","5/6/24"
"Delicious in Dungeon: Folge 18: Gestaltwandler","5/5/24"
"Delicious in Dungeon: Folge 17: Harpyien/Trugbilder","5/5/24"
"Delicious in Dungeon: Folge 16: Reiniger/Getrocknet mit süßem Sake","5/5/24"
"Delicious in Dungeon: Folge 15: Cockatrice und Dryaden-Sauerkraut","5/5/24"
"Delicious in Dungeon: Folge 14: Seeschlange","5/5/24"
"Delicious in Dungeon: Folge 13: Roter Drache III/Gute Medizin","5/5/24"
"Delicious in Dungeon: Folge 12: Roter Drache II","5/5/24"
"Delicious in Dungeon: Folge 11: Roter Drache I","5/3/24"
"Delicious in Dungeon: Folge 10: Riesenfrösche/Oberirdisch","5/3/24"
"Delicious in Dungeon: Folge 9: Tentakel/Eintopf","5/3/24"
"Delicious in Dungeon: Folge 8: Himbeeren/Gegrilltes","5/3/24"
"Delicious in Dungeon: Folge 7: Kelpie/Zosui/Parasiten mit Soße","5/3/24"
"Delicious in Dungeon: Folge 6: Menü am königlichen Hof/In Salzwasser gekocht","5/3/24"
"Delicious in Dungeon: Folge 5: Snacks / Sorbet","5/3/24"
"Delicious in Dungeon: Folge 4: Gedünsteter Kohl / Orks","5/3/24"
"Delicious in Dungeon: Folge 3: Mobile Rüstung","5/3/24"
"Delicious in Dungeon: Folge 2: Basiliskenbraten / Omelett / Kakiage","5/3/24"
"Delicious in Dungeon: Folge 1: Eintopf / Tarte","5/3/24"
"Ni no Kuni","5/1/24"
"Die Reise nach Westen: Staffel 1: Eine Krone macht noch keinen König","5/1/24"
"Die Reise nach Westen: Staffel 1: Der wankende Grund","5/1/24"
"Die Reise nach Westen: Staffel 1: Der Affenkönig kehrt zurück","5/1/24"
"Die Reise nach Westen: Staffel 1: Die Reise beginnt","5/1/24"
"Die Reise nach Westen: Staffel 1: Im Nirgendwo","5/1/24"
"Die Reise nach Westen: Staffel 1: Die Hoffnung darf niemals sterben","4/28/24"
"Avatar – Der Herr der Elemente: Legenden","4/28/24"
"Avatar – Der Herr der Elemente: Norden","4/28/24"
"Avatar – Der Herr der Elemente: Masken","4/28/24"
"Avatar – Der Herr der Elemente: Weggezaubert","4/25/24"
"Avatar – Der Herr der Elemente: Dunkelheit","4/25/24"
"Avatar – Der Herr der Elemente: Omashu","4/25/24"
